name,image
アサヒ 十六茶 PET630ml ※秋冬ブレンド,https://www.asahiinryo.co.jp/products/00_system/image.psp.html?CMD=onAsdProduct&PATH=/web-service/common/products/asahiinryo/2CJQ0_DB2_020.jpg&.png
アサヒ 十六茶 ラベルレスボトル PET630ml ※秋冬ブレンド,https://www.asahiinryo.co.jp/products/00_system/image.psp.html?CMD=onAsdProduct&PATH=/web-service/common/products/asahiinryo/2CJP9_DB2_020.jpg&.png
アサヒ ぎゅっと濃い十六茶 PET630ml,https://www.asahiinryo.co.jp/products/00_system/image.psp.html?CMD=onAsdProduct&PATH=/web-service/common/products/asahiinryo/2CJR0_DB2_020.jpg&.png
アサヒ 十六茶糖と脂肪にはたらく630 PET630ml,https://www.asahiinryo.co.jp/products/00_system/image.psp.html?CMD=onAsdProduct&PATH=/web-service/common/products/asahiinryo/2CJA2_DB2_020.jpg&.png
アサヒ 十六茶麦茶 PET600ml,https://www.asahiinryo.co.jp/products/00_system/image.psp.html?CMD=onAsdProduct&PATH=/web-service/common/products/asahiinryo/2CHV1_DB2_020.jpg&.png
アサヒ 十六茶麦茶 ラベルレスボトルPET660ml,https://www.asahiinryo.co.jp/products/00_system/image.psp.html?CMD=onAsdProduct&PATH=/web-service/common/products/asahiinryo/2CHV2_DB2_020.jpg&.png
アサヒ あったかさ続く十六茶 PET480ml,https://www.asahiinryo.co.jp/products/00_system/image.psp.html?CMD=onAsdProduct&PATH=/web-service/common/products/asahiinryo/2CJS4_DB2_020.jpg&.png
アサヒ ルイボスティー ラベルレスボトル PET500ml,https://www.asahiinryo.co.jp/products/00_system/image.psp.html?CMD=onAsdProduct&PATH=/web-service/common/products/asahiinryo/2CHN0_DB2_020.jpg&.png
和紅茶 無糖ストレート PET500ml,https://www.asahiinryo.co.jp/products/00_system/image.psp.html?CMD=onAsdProduct&PATH=/web-service/common/products/asahiinryo/2CJW1_DB2_020.jpg&.png
和紅茶 無糖ストレート ファーストリーフ PET500ml,https://www.asahiinryo.co.jp/products/00_system/image.psp.html?CMD=onAsdProduct&PATH=/web-service/common/products/asahiinryo/2CJS2_DB2_020.jpg&.png
アサヒ　黒豆黒茶　ＰＥＴ５００ｍｌ,https://www.asahiinryo.co.jp/products/00_system/image.psp.html?CMD=onAsdProduct&PATH=/web-service/common/products/asahiinryo/2CJX2.jpg&.png
アサヒ 六条麦茶 ラベルレスボトルPET660ml,https://www.asahiinryo.co.jp/products/00_system/image.psp.html?CMD=onAsdProduct&PATH=/web-service/common/products/asahiinryo/2CJE1_DB2_020.jpg&.png
なだ万監修 ほうじ茶 PET275ml,https://www.asahiinryo.co.jp/products/00_system/image.psp.html?CMD=onAsdProduct&PATH=/web-service/common/products/asahiinryo/P1905240003-161_111.jpg&.png
なだ万監修 日本茶 PET275ml,https://www.asahiinryo.co.jp/products/00_system/image.psp.html?CMD=onAsdProduct&PATH=/web-service/common/products/asahiinryo/P1903180003-162_11.jpg&.png
アサヒ　緑茶　ラベルレスボトル　ＰＥＴ２７５ｍｌ(24本入）,https://www.asahiinryo.co.jp/products/00_system/image.psp.html?CMD=onAsdProduct&PATH=/web-service/common/products/asahiinryo/P2202230003-964merc1.jpg&.png
「アサヒ 食事の脂にこの1杯。」 PET2L,https://www.asahiinryo.co.jp/products/00_system/image.psp.html?CMD=onAsdProduct&PATH=/web-service/common/products/asahiinryo/2CFQ2_DB2_020.jpg&.png
アサヒ 食事の脂にこの1本。 PET600ml,https://www.asahiinryo.co.jp/products/00_system/image.psp.html?CMD=onAsdProduct&PATH=/web-service/common/products/asahiinryo/2CJB5_DB2_020.jpg&.png
「アサヒ 食事の脂にこの1杯。」緑茶ブレンド PET2L,https://www.asahiinryo.co.jp/products/00_system/image.psp.html?CMD=onAsdProduct&PATH=/web-service/common/products/asahiinryo/2CFL1_DB2_020.jpg&.png
アサヒ 食事の脂にこの1本。緑茶ブレンド PET600ml,https://www.asahiinryo.co.jp/products/00_system/image.psp.html?CMD=onAsdProduct&PATH=/web-service/common/products/asahiinryo/2CJB6_DB2_020.jpg&.png
アサヒ 匠屋 旨みの日本茶 PET2L,https://www.asahiinryo.co.jp/products/00_system/image.psp.html?CMD=onAsdProduct&PATH=/web-service/common/products/asahiinryo/2C5Z6_DB2_5.jpg&.png
アサヒ 一級茶葉烏龍茶 リターナブルびん200ml,https://www.asahiinryo.co.jp/products/00_system/image.psp.html?CMD=onAsdProduct&PATH=/web-service/common/products/asahiinryo/2C806_DB2_01.jpg&.png
アサヒ ロイヤルミルクティー PET280ml,https://www.asahiinryo.co.jp/products/00_system/image.psp.html?CMD=onAsdProduct&PATH=/web-service/common/products/asahiinryo/202208232CJB3.jpg&.png
ワンダ モーニングショット 缶185g,https://www.asahiinryo.co.jp/products/00_system/image.psp.html?CMD=onAsdProduct&PATH=/web-service/common/products/asahiinryo/2CHT6_DB2_020.jpg&.png
「『ワンダ』金の微糖」 缶185g,https://www.asahiinryo.co.jp/products/00_system/image.psp.html?CMD=onAsdProduct&PATH=/web-service/common/products/asahiinryo/2CGF2_DB2_020.jpg&.png
「『ワンダ』モーニングショット」ブラック 　缶185g,https://www.asahiinryo.co.jp/products/00_system/image.psp.html?CMD=onAsdProduct&PATH=/web-service/common/products/asahiinryo/2CHD5_DB2_020.jpg&.png
ワンダ 極 ブラック ボトル缶400g,https://www.asahiinryo.co.jp/products/00_system/image.psp.html?CMD=onAsdProduct&PATH=/web-service/common/products/asahiinryo/2CHP0_DB2_020.jpg&.png
ワンダ 極 微糖 ボトル缶370g,https://www.asahiinryo.co.jp/products/00_system/image.psp.html?CMD=onAsdProduct&PATH=/web-service/common/products/asahiinryo/2CHN8_DB2_020.jpg&.png
ワンダ 極 カフェオレ ボトル缶370g,https://www.asahiinryo.co.jp/products/00_system/image.psp.html?CMD=onAsdProduct&PATH=/web-service/common/products/asahiinryo/2CHP8_DB2_020.jpg&.png
ワンダ 特製カフェオレ 缶185g,https://www.asahiinryo.co.jp/products/00_system/image.psp.html?CMD=onAsdProduct&PATH=/web-service/common/products/asahiinryo/2CJP0_DB2_020.jpg&.png
「ワンダ」クリーミーラテ 缶280g,https://www.asahiinryo.co.jp/products/00_system/image.psp.html?CMD=onAsdProduct&PATH=/web-service/common/products/asahiinryo/P1602120004-921_5.jpg&.png
「ワンダ」プレミアムゼロ 缶185g,https://www.asahiinryo.co.jp/products/00_system/image.psp.html?CMD=onAsdProduct&PATH=/web-service/common/products/asahiinryo/2CGJ2_DB2_020.jpg&.png
ワンダ 味わいミルクコーヒー PET280ml(コールド専用),https://www.asahiinryo.co.jp/products/00_system/image.psp.html?CMD=onAsdProduct&PATH=/web-service/common/products/asahiinryo/0.jpg&.png
ワンダ ごほうび抹茶ラテ PET280ml,https://www.asahiinryo.co.jp/products/00_system/image.psp.html?CMD=onAsdProduct&PATH=/web-service/common/products/asahiinryo/2CJP2_DB2_020.jpg&.png
ワンダ ディープマウンテン 缶185g,https://www.asahiinryo.co.jp/products/00_system/image.psp.html?CMD=onAsdProduct&PATH=/web-service/common/products/asahiinryo/2CJR4_DB2_020.jpg&.png
ドトール カフェ・オ・レ PET480ml(コールド専用),https://www.asahiinryo.co.jp/products/00_system/image.psp.html?CMD=onAsdProduct&PATH=/web-service/common/products/asahiinryo/2CHZ4_DB2_020.jpg&.png
ドトール ブラック PET480ml(コールド専用),https://www.asahiinryo.co.jp/products/00_system/image.psp.html?CMD=onAsdProduct&PATH=/web-service/common/products/asahiinryo/2CJA7_DB2_020.jpg&.png
「三ツ矢サイダー」 PET500ml,https://www.asahiinryo.co.jp/products/00_system/image.psp.html?CMD=onAsdProduct&PATH=/web-service/common/products/asahiinryo/2CEK0_DB2_020.jpg&.png
「三ツ矢サイダーW」 PET485ml,https://www.asahiinryo.co.jp/products/00_system/image.psp.html?CMD=onAsdProduct&PATH=/web-service/common/products/asahiinryo/2CGJ0_DB2_020.jpg&.png
「三ツ矢サイダー」ゼロストロング PET500ml,https://www.asahiinryo.co.jp/products/00_system/image.psp.html?CMD=onAsdProduct&PATH=/web-service/common/products/asahiinryo/2CFC4_DB2_020.jpg&.png
「三ツ矢」梅 PET500ml,https://www.asahiinryo.co.jp/products/00_system/image.psp.html?CMD=onAsdProduct&PATH=/web-service/common/products/asahiinryo/2CHQ5_DB2_020.jpg&.png
「三ツ矢」 さわやかレモン 缶250ml,https://www.asahiinryo.co.jp/products/00_system/image.psp.html?CMD=onAsdProduct&PATH=/web-service/common/products/asahiinryo/2CAX2_DB2_020.jpg&.png
三ツ矢サイダーレモラ PET500ml,https://www.asahiinryo.co.jp/products/00_system/image.psp.html?CMD=onAsdProduct&PATH=/web-service/common/products/asahiinryo/2CHY9_DB2_020.jpg&.png
三ツ矢特濃オレンジスカッシュ PET500ml,https://www.asahiinryo.co.jp/products/00_system/image.psp.html?CMD=onAsdProduct&PATH=/web-service/common/products/asahiinryo/2CHZ5_DB2_020.jpg&.png
三ツ矢100%オレンジミックス PET500ml,https://www.asahiinryo.co.jp/products/00_system/image.psp.html?CMD=onAsdProduct&PATH=/web-service/common/products/asahiinryo/2CHV4_DB2_020.jpg&.png
三ツ矢クラフトコーラ PET500ml,https://www.asahiinryo.co.jp/products/00_system/image.psp.html?CMD=onAsdProduct&PATH=/web-service/common/products/asahiinryo/2CJY9_DB2_020.jpg&.png
三ツ矢完熟もも PET500ml,https://www.asahiinryo.co.jp/products/00_system/image.psp.html?CMD=onAsdProduct&PATH=/web-service/common/products/asahiinryo/2CHQ7_DB2_020.jpg&.png
三ツ矢特濃ハニーレモンスカッシュ PET500ml,https://www.asahiinryo.co.jp/products/00_system/image.psp.html?CMD=onAsdProduct&PATH=/web-service/common/products/asahiinryo/2CJZ0_DB2_020.jpg&.png
三ツ矢芳醇メロンソーダ PET500ml,https://www.asahiinryo.co.jp/products/00_system/image.psp.html?CMD=onAsdProduct&PATH=/web-service/common/products/asahiinryo/2CJZ6_DB2_020.jpg&.png
三ツ矢オレンジ&カシスsparklingPET500ml,https://www.asahiinryo.co.jp/products/00_system/image.psp.html?CMD=onAsdProduct&PATH=/web-service/common/products/asahiinryo/2CJZ1_DB2_020.jpg&.png
「ウィルキンソン タンサン」 PET500mlN No.1ラベル,https://www.asahiinryo.co.jp/products/00_system/image.psp.html?CMD=onAsdProduct&PATH=/web-service/common/products/asahiinryo/2T251_DB2_020.jpg&.png
「ウィルキンソン タンサン」レモン PET500ml No.1ラベル,https://www.asahiinryo.co.jp/products/00_system/image.psp.html?CMD=onAsdProduct&PATH=/web-service/common/products/asahiinryo/2T309_DB2_020.jpg&.png
ウィルキンソン タンサン エクストラ PET490ml,https://www.asahiinryo.co.jp/products/00_system/image.psp.html?CMD=onAsdProduct&PATH=/web-service/common/products/asahiinryo/2T375_DB2_020.jpg&.png
「ウィルキンソン」 ジンジャエール PET500ml,https://www.asahiinryo.co.jp/products/00_system/image.psp.html?CMD=onAsdProduct&PATH=/web-service/common/products/asahiinryo/2T152_DB2_020.jpg&.png
「ウィルキンソン」 トニック PET500ml,https://www.asahiinryo.co.jp/products/00_system/image.psp.html?CMD=onAsdProduct&PATH=/web-service/common/products/asahiinryo/2T154_DB2_020.jpg&.png
「ウィルキンソン」 ドライジンジャエール リターナブルびん190ml,https://www.asahiinryo.co.jp/products/00_system/image.psp.html?CMD=onAsdProduct&PATH=/web-service/common/products/asahiinryo/2T033_DB2_020.jpg&.png
ウィルキンソン タンサン ウメ PET500ml,https://www.asahiinryo.co.jp/products/00_system/image.psp.html?CMD=onAsdProduct&PATH=/web-service/common/products/asahiinryo/2T340_DB2_020.jpg&.png
ウィルキンソン タンサン #sober スパイシーレモンジンジャ PET450ml,https://www.asahiinryo.co.jp/products/00_system/image.psp.html?CMD=onAsdProduct&PATH=/web-service/common/products/asahiinryo/2T342_DB2_020.jpg&.png
ウィルキンソン タンサン クラッシュグレープフルーツ PET500ml,https://www.asahiinryo.co.jp/products/00_system/image.psp.html?CMD=onAsdProduct&PATH=/web-service/common/products/asahiinryo/2T343_DB2_020.jpg&.png
ウィルキンソン タンサン ゼロコーラ PET500ml,https://www.asahiinryo.co.jp/products/00_system/image.psp.html?CMD=onAsdProduct&PATH=/web-service/common/products/asahiinryo/2T360_DB2_020.jpg&.png
ウィルキンソン タンサン クラッシュマスカット PET500ml,https://www.asahiinryo.co.jp/products/00_system/image.psp.html?CMD=onAsdProduct&PATH=/web-service/common/products/asahiinryo/2T378_DB2_020.jpg&.png
ウィルキンソン タンサン #sober ピーチ&ウーロン PET450ml,https://www.asahiinryo.co.jp/products/00_system/image.psp.html?CMD=onAsdProduct&PATH=/web-service/common/products/asahiinryo/2T379_DB2_020.jpg&.png
